k,silhouette,calinski_harabasz,davies_bouldin
3,0.258760141677049,3209.179786322467,1.3181056121239394
4,0.2789164358056155,5125.699081579584,1.1072608714378505
5,0.26728523790852776,6017.671288984561,1.1273051232398599
6,0.27666496274971947,7230.914698158282,1.1325701202966874
7,0.2709803547051837,7776.419147371168,1.107787692981859
8,0.2634464972679303,8558.88700238609,1.1978374624020802
9,0.26170608864882405,9113.730048203959,1.148373105863399
10,0.26455814935499156,9855.962796645219,1.1193889390520542
